id,value
flare,
flare.analytics,
flare.analytics.cluster,
flare.analytics.cluster.AgglomerativeCluster,3938
flare.analytics.cluster.CommunityStructure,3812
flare.analytics.graph.SpanningTree,3416
flare.analytics.optimization,
flare.analytics.optimization.AspectRatioBanker,7074
flare.animate,
flare.animate.Easing,17010
flare.animate.FunctionSequence,5842
flare.animate.interpolate,
flare.animate.interpolate.ArrayInterpolator,1983
flare.animate.interpolate.ColorInterpolator,2047
flare.animate.interpolate.DateInterpolator,1375

flare.query.ExpressionIterator,3617
flare.query.Fn,3240
flare.vis.operator.Operator,2490
flare.vis.operator.OperatorList,5248
flare.vis.operator.OperatorSequence,4190
flare.vis.operator.OperatorSwitch,2581
flare.vis.operator.SortOperator,2023
flare.vis.Visualization,16540
flare.analytics.cluster.HierarchicalCluster,6714
flare.analytics.cluster.MergeEdge,743
flare.analytics.graph,
flare.analytics.graph.BetweennessCentrality,3534
flare.analytics.graph.LinkDistance,5731
flare.analytics.graph.MaxFlowMinCut,7840
flare.analytics.graph.ShortestPaths,5914